stage,course,content,age,subject,unit_type,unit_title,card_title,block_title,card_type,block_type,text,bloom_level,diversity_attention,key_competence,location,modality,semantic_density,difficulty,disability,interactivity level,outdate_probability,cognitive_process,access_type,intelligence,interactivity_type,resource_type,tone,sdg,pedagogical_methodology,21st_century_skills,collaboration_and_teamwork,critical_thinking,cross-cutting element,cognitive process 2
SECUNDARIA,CUARTO,TECNOLOGÍA 4,15-16 años,TECNOLOGIA,SA,Emprendimiento 360°,Emprendimiento 360°,Inicio,lesson,text,"2 Emprendimiento 360°
https://plus.edebe.com/resources/video/vm_138373_tecno_4eso_s02_014.mp4
https://plus.edebe.com/pymedia/markdownfiles/134335/unidad2/img/14_1.png
¿Te atreves a pensar en grande? Seguro que alguna vez has pensado en alguna idea o en algún proyecto que te gustaría hacer; algo muy ambicioso, como inventar una vacuna, desarrollar un artefacto que facilite la vida a millones de personas o incluso, ¿por qué no?, teletransportarte gozando de ciertos superpoderes…
Dejando a un lado la fantasía, debes empoderarte, creer en ti mismo y sentir que no solo los grandes emprendedores pueden tener éxito.
Recuerda la frase de Albert Einstein: «Si lo puedes imaginar, lo puedes lograr».
- ¿Y si creáis un producto tecnológico y preparáis su presentación y difusión como si fuerais grandes emprendedores?",create,,"cc:0.40, ce:1.00, cd:0.70","classroom:1.00, mixed:0.50","face-to-face:1.00, blended:0.80, distance:0.60",0.2,0.2,hearing impairment:NA,0.25,0.15,"collaborate:1.00, create:1.00, communicate:1.00",universal,"logical-mathematical:0.75, interpersonal:0.70",combined,"photography:0.80, video:1.00, narrative text:1.00","inspiring:1.00, motivational:1.00","gender equality:1.00, industry, innovation and infrastructure:1.00",project-based learning:1.00,"communication skills:0.70, creativity:1.00, innovation:1.00, teamwork:1.00, professional development:1.00",TRUE,No aplica,"Audiovisual communication and ICT:0.80, Promotion of creativity and scientific spirit:1.00",thinking:1.00
SECUNDARIA,CUARTO,TECNOLOGÍA 4,15-16 años,TECNOLOGIA,SA,Emprendimiento 360°,¿Cómo emprender?,Contenido,lesson,text,"¿Cómo emprender?
https://plus.edebe.com/pymedia/markdownfiles/134335/unidad2/img/15_1.png",evaluate,,ce:0.61,"classroom:1.00, mixed:1.00, home:1.00","face-to-face:1.00, blended:1.00, distance:1.00",0.05,0.05,hearing impairment:NA,0.15,0.1,reflect:1.00,universal,"logical-mathematical:0.70, interpersonal:0.75, intrapersonal:0.65",combined,narrative text:1.00,reflexive:1.00,"industry, innovation and infrastructure:1.00",direct instruction:1.00,"critical thinking:0.85, productivity:0.80, leadership:0.60",No aplica,TRUE,"Emotional and values education:0.60, Promotion of creativity and scientific spirit:0.65","thinking:0.80, perception:0.65"
SECUNDARIA,CUARTO,TECNOLOGÍA 4,15-16 años,TECNOLOGIA,SA,Emprendimiento 360°,¿Cómo emprender?,Actividades,lesson,exam,"Investigad y documentaos sobre grandes innovadores y emprendedores de éxito de los últimos tiempos.
a) Realizad una infografía con una herramienta digital donde aparezcan tres emprendedores y tres emprendedoras: su idea, su producto o servicio y sus claves del éxito.
b) ¿Os ha costado más encontrar a mujeres emprendedoras? Analizad cómo ha sido esta evolución históricamente y a qué ha podido deberse.",create,,"ce:0.70, cd:0.80, ccl:0.75, cpsaa:0.81","classroom:1.00, mixed:0.75, home:0.60","face-to-face:1.00, blended:0.85, distance:0.75",0.1,0.1,hearing impairment:NA,0.2,0.2,"reflect:0.41, explain:0.85, synthesize:0.85, investigate:0.85",universal,"logical-mathematical:0.40, interpersonal:0.51",combined,narrative text:1.00,"reflexive:0.70, critical:0.50, provocative:0.15","gender equality:0.75, industry, innovation and infrastructure:0.80",direct instruction:1.00,"critical thinking:0.60, communication skills:0.85, research skills:1.00, moral reasoning:0.90",TRUE,TRUE,"Emotional and values education:1.00, Promotion of creativity and scientific spirit:0.55, Oral and written expression:0.75","thinking:1.00, perception:0.90"
SECUNDARIA,CUARTO,TECNOLOGÍA 4,15-16 años,TECNOLOGIA,SA,Emprendimiento 360°,¿Cómo emprender?,Actividades,lesson,exam,"La fuerza del equipo. Puede que tengáis una muy buena idea, pero necesitarás un buen equipo para lograr el éxito.
https://plus.edebe.com/pymedia/markdownfiles/134335/unidad2/img/15_2.png
— Elaborad una tabla entre todos que saque a relucir las fortalezas y debilidades de cada uno.
https://plus.edebe.com/pymedia/markdownfiles/134335/unidad2/img/15_3.png
Puede ayudaros usar pósits con palabras clave. Analizad cómo se pueden mejorar o compensar esas debilidades.",evaluate,,"ce:0.75, cpsaa:1.00","classroom:1.00, mixed:1.00, home:1.00","face-to-face:1.00, blended:1.00, distance:0.70",0.1,0.1,,0.3,0.05,"analyze:1.00, collaborate:1.00",universal,"interpersonal:1.00, intrapersonal:1.00",combined,"narrative text:1.00, chart:0.55, photography:0.45","reflexive:0.40, critical:0.35","industry, innovation and infrastructure:0.40","direct instruction:1.00, cooperative learning:1.00","critical thinking:0.50, communication skills:0.85, intrapersonal skills:0.80",TRUE,TRUE,"Emotional and values education:0.50, Promotion of creativity and scientific spirit:0.40, Oral and written expression:0.55","thinking:0.76, perception:0.80"
SECUNDARIA,CUARTO,TECNOLOGÍA 4,15-16 años,TECNOLOGIA,SA,Emprendimiento 360°,¿Cuál va a ser nuestro producto?,Contenido,lesson,text,"¿Cuál va a ser nuestro producto?
https://plus.edebe.com/pymedia/markdownfiles/134335/unidad2/img/16_1.png",create,,"stem:0.80, ce:1.00, cd:0.70, cpsaa:0.90","classroom:1.00, home:0.70, mixed:0.80","face-to-face:1.00, blended:0.80, distance:0.60",0.05,0.4,,0.3,0.15,"analyze:0.85, collaborate:1.00, communicate:1.00, create:0.95, innovate:1.00",universal,"logical-mathematical:0.90, interpersonal:0.80",active,"narrative text:0.20, open problem:0.75",reflexive:1.00,"industry, innovation and infrastructure:1.00","project-based learning:1.00, problem-based learning:1.00, cooperative learning:1.00","communication skills:0.70, innovation:1.00, teamwork:1.00, application beyond the classroom:1.00",TRUE,No aplica,"Oral and written expression:0.70, Promotion of creativity and scientific spirit:1.00, Emotional and values education:0.40","attention:1.00, thinking:1.00"
SECUNDARIA,CUARTO,TECNOLOGÍA 4,15-16 años,TECNOLOGIA,SA,Emprendimiento 360°,¿Cuál va a ser nuestro producto?,Actividades,lesson,exam,"Realizad un brainstorming (tormenta de ideas) para, entre todos, detectar posibles necesidades que cubrir para fundamentar vuestro proyecto. Si no se os ocurre ninguna idea, podéis probar a idear un soporte multidispositivo de escritorio como los que se muestran en estas imágenes:
https://plus.edebe.com/pymedia/markdownfiles/134335/unidad2/img/16_2.png",analyze,,"stem:1.00, ce:1.00, cd:0.30, cpsaa:0.60","classroom:1.00, home:0.80, mixed:0.90","face-to-face:1.00, blended:0.80, distance:0.70",0.05,0.4,,0.3,0.35,"analyze:1.00, collaborate:1.00, communicate:1.00, innovate:1.00, contextualize:0.30",universal,logical-mathematical:1.00,active,"narrative text:0.50, open problem:1.00, photography:0.50","narrative:1.00, inspiring:0.30","industry, innovation and infrastructure:1.00","project-based learning:1.00, problem-based learning:0.80, cooperative learning:1.00","communication skills:0.75, innovation:1.00, teamwork:1.00, application beyond the classroom:1.00",TRUE,No aplica,"Oral and written expression:1.00, Promotion of creativity and scientific spirit:1.00, Emotional and values education:1.00","attention:0.30, thinking:1.00"
SECUNDARIA,CUARTO,TECNOLOGÍA 4,15-16 años,TECNOLOGIA,SA,Emprendimiento 360°,¿Cuál va a ser nuestro producto?,Actividades,lesson,exam,"¿Habéis oído hablar del visual thinking? Coged un trozo de papel continuo blanco o una pizarra Velleda, varios rotuladores de colores y realizad un visual thinking de la idea seleccionada en el brainstorming. Debéis plasmar aspectos como:
https://plus.edebe.com/pymedia/markdownfiles/134335/unidad2/img/16_3.png",analyze,,"stem:0.50, ce:1.00, cpsaa:0.75",classroom:1.00,"face-to-face:1.00, blended:0.50",0.05,0.55,,0.6,0.35,"collaborate:1.00, communicate:0.70, contextualize:0.75, discuss:1.00, investigate:0.80, organize:0.80",universal,"logical-mathematical:0.90, spatial:0.75, interpersonal:0.80",active,"narrative text:0.50, open problem:1.00, illustration:0.70","narrative:0.30, inspiring:0.70, reflexive:0.75","industry, innovation and infrastructure:1.00","project-based learning:1.00, problem-based learning:0.65, cooperative learning:1.00","communication skills:0.60, innovation:1.00, teamwork:1.00, application beyond the classroom:1.00, problem solving:0.75",TRUE,TRUE,"Oral and written expression:0.60, Promotion of creativity and scientific spirit:1.00, Emotional and values education:0.60","thinking:1.00, perception:0.61, attention:0.52"
SECUNDARIA,CUARTO,TECNOLOGÍA 4,15-16 años,TECNOLOGIA,SA,Emprendimiento 360°,¿Cuál va a ser nuestro producto?,Actividades,lesson,exam,"Llegados a este punto hay que establecer las diferentes fases de las que se compone el proyecto. Esto os ayudará a organizarlo y a temporalizarlo, a repartir tareas y a dimensionar los recursos necesarios.
— Realizad un mapa conceptual que refleje la forma en la que os vais a organizar.
Ficha 18",analyze,,"ce:1.00, cpsaa:0.85",classroom:1.00,"face-to-face:1.00, blended:0.80",0.05,0.6,,0.6,0.2,"collaborate:1.00, communicate:0.50, discuss:1.00, organize:1.00",universal,"logical-mathematical:0.80, spatial:0.50, interpersonal:0.75",active,"narrative text:1.00, exam:1.00",narrative:1.00,"industry, innovation and infrastructure:1.00","cooperative learning:1.00, direct instruction:1.00","teamwork:1.00, critical thinking:1.00, analysis:1.00, application beyond the classroom:0.70",TRUE,TRUE,"Oral and written expression:0.80, Promotion of creativity and scientific spirit:0.60, Emotional and values education:0.50",thinking:1.00
SECUNDARIA,CUARTO,TECNOLOGÍA 4,15-16 años,TECNOLOGIA,SA,Emprendimiento 360°,¿Qué recursos necesitamos?,Contenido,lesson,text,"¿Qué recursos necesitamos?
https://plus.edebe.com/pymedia/markdownfiles/134335/unidad2/img/17_1.png",understand,,"ce:1.00, cpsaa:1.00","classroom:1.00, home:1.00, mixed:1.00","face-to-face:1.00, blended:1.00, distance:1.00",0.15,0.4,,0.01,0.2,understand:1.00,universal,logical-mathematical:1.00,expository,narrative text:1.00,informative:1.00,"industry, innovation and infrastructure:1.00",project-based learning:1.00,"critical thinking:0.85, research skills:0.89, application beyond the classroom:0.65, productivity:0.95",No aplica,TRUE,Reading comprehension:1.00,"thinking:1.00, attention:1.00"
SECUNDARIA,CUARTO,TECNOLOGÍA 4,15-16 años,TECNOLOGIA,SA,Emprendimiento 360°,¿Qué recursos necesitamos?,Actividades,lesson,exam,"Preparad dos tablas como la que aparece a continuación, una con los recursos materiales que necesitaréis y otra con los recursos humanos que van a participar en vuestro proyecto.
https://plus.edebe.com/pymedia/markdownfiles/134335/unidad2/img/17_2.png",analyze,,"ce:1.00, cpsaa:1.00, stem:1.00","classroom:1.00, mixed:1.00","face-to-face:1.00, blended:1.00",0.25,0.55,,0.6,0.2,"analyze:1.00, contextualize:1.00, organize:1.00",universal,"logical-mathematical:1.00, spatial:1.00",active,"narrative text:1.00, illustration:1.00, table:1.00, exam:0.40",analytical:1.00,"industry, innovation and infrastructure:1.00",project-based learning:1.00,"critical thinking:1.00, research skills:1.00, application beyond the classroom:1.00, productivity:1.00, analysis:1.00, teamwork:1.00, financial education:1.00",TRUE,TRUE,Promotion of creativity and scientific spirit:1.00,thinking:1.00
SECUNDARIA,CUARTO,TECNOLOGÍA 4,15-16 años,TECNOLOGIA,SA,Emprendimiento 360°,¿Qué recursos necesitamos?,Actividades,lesson,exam,"Realizad un diagrama temporal de desarrollo del proyecto donde intervengan personas/fases. Lo podéis hacer con un diagrama de Gantt, que os permitirá controlar los siguientes aspectos:
• Gestión de proyectos.
• Planificación de la hoja de ruta.
• Coordinación de equipo.
• Conciencia de la dependencia de tareas.
• Estructura del proceso.
• Programación de la línea de tiempo.
• Consecución de objetivos y cumplimiento de plazos.
https://plus.edebe.com/pymedia/markdownfiles/134335/unidad2/img/17_3.png",create,,"ce:1.00, cpsaa:0.85","classroom:1.00, mixed:0.75","face-to-face:1.00, blended:0.75",0.5,0.7,,0.6,0.35,"analyze:0.70, contextualize:0.80, organize:1.00, self-organize:0.90",universal,"logical-mathematical:0.80, spatial:0.50",combined,"narrative text:0.65, table:0.85, exam:0.40","analytical:1.00, informative:0.75","industry, innovation and infrastructure:1.00","project-based learning:1.00, direct instruction:0.85","critical thinking:0.80, application beyond the classroom:0.65, productivity:1.00, analysis:0.90, teamwork:1.00",TRUE,TRUE,Promotion of creativity and scientific spirit:0.60,thinking:1.00
SECUNDARIA,CUARTO,TECNOLOGÍA 4,15-16 años,TECNOLOGIA,SA,Emprendimiento 360°,¿Damos forma a nuestra idea?,Contenido,lesson,text,"¿Damos forma a nuestra idea?
https://plus.edebe.com/pymedia/markdownfiles/134335/unidad2/img/18_4.png",remember,,,"classroom:1.00, mixed:1.00, home:1.00","face-to-face:1.00, blended:1.00, distance:1.00",0.05,0.05,,0.0,0.0,understand:0.30,universal,logical-mathematical:0.20,expository,narrative text:0.65,"informative:0.55, motivational:0.50","industry, innovation and infrastructure:0.60",project-based learning:0.45,initiative:0.45,No aplica,No aplica,Promotion of creativity and scientific spirit:0.45,attention:1.00
SECUNDARIA,CUARTO,TECNOLOGÍA 4,15-16 años,TECNOLOGIA,SA,Emprendimiento 360°,¿Damos forma a nuestra idea?,Actividades,lesson,exam,"Lo primero de todo es realizar un boceto. Poned especial atención en el diseño, pues suele ser un factor determinante para los posibles clientes.
https://plus.edebe.com/pymedia/markdownfiles/134335/unidad2/img/18_5.png",create,,"ce:1.00, cpsaa:0.85, cd:0.40","classroom:1.00, mixed:1.00, home:0.50","face-to-face:1.00, blended:0.75, distance:0.50",0.2,0.75,,1.0,0.35,"create:0.75, design:1.00",universal,spatial:0.75,active,"narrative text:0.80, illustration:0.25",inspiring:0.45,"industry, innovation and infrastructure:1.00","project-based learning:1.00, direct instruction:0.60","creativity:1.00, innovation:0.75, performing arts:0.85",TRUE,No aplica,Promotion of creativity and scientific spirit:1.00,thinking:0.60
SECUNDARIA,CUARTO,TECNOLOGÍA 4,15-16 años,TECNOLOGIA,SA,Emprendimiento 360°,¿Damos forma a nuestra idea?,Actividades,lesson,exam,"A partir del boceto, realizad un diseño 3D. Con ayuda de alguna aplicación informática, como TinkerCAD, FreeCAD u openCAD, haced los planos o vistas en 2D de vuestro proyecto y elevadlos posteriormente a 3D.
https://plus.edebe.com/pymedia/markdownfiles/134335/unidad2/img/18_2.png",create,,"ce:1.00, cpsaa:0.85, cd:1.00","classroom:1.00, mixed:1.00, home:1.00","face-to-face:1.00, blended:1.00, distance:1.00",0.2,0.85,,1.0,0.35,"create:0.85, design:1.00, practice:0.60, simulate:0.90",universal,"spatial:1.00, logical-mathematical:0.80",active,"narrative text:0.20, illustration:0.30, simulation:1.00, exam:0.85, programming tool:0.90","exploratory:0.70, technical:0.75","industry, innovation and infrastructure:1.00","project-based learning:1.00, direct instruction:0.60, gamification:0.25","creativity:0.90, innovation:0.70, performing arts:0.50, technology literacy:0.80, systems knowledge:0.80, simulation:0.90",TRUE,No aplica,"Promotion of creativity and scientific spirit:1.00, Audiovisual communication and ICT:1.00","thinking:1.00, perception:1.00"
SECUNDARIA,CUARTO,TECNOLOGÍA 4,15-16 años,TECNOLOGIA,SA,Emprendimiento 360°,¿Damos forma a nuestra idea?,Actividades,lesson,exam,"Por último, vamos a construir el prototipo. Para ello podéis usar:
https://plus.edebe.com/pymedia/markdownfiles/134335/unidad2/img/18_3.png
Ficha 12",create,,"ce:1.00, cpsaa:0.85, cd:0.75","classroom:1.00, mixed:1.00, home:0.40, laboratory:0.80","face-to-face:1.00, blended:1.00",0.3,0.9,,1.0,0.35,"create:1.00, design:0.60, practice:0.60",universal,"spatial:1.00, logical-mathematical:0.75",active,"narrative text:0.25, illustration:0.35, exam:0.60, programming tool:0.60, experiment:0.80, educational game:0.55, real project:0.75","technical:0.60, interactive:0.81, playful:0.40","industry, innovation and infrastructure:1.00, responsible consumption and production:1.00","project-based learning:1.00, direct instruction:0.60, gamification:0.30","creativity:0.85, innovation:0.85, performing arts:0.60, technology literacy:0.60, systems knowledge:0.50, simulation:0.85, fine arts:0.50, play:0.30",TRUE,No aplica,"Promotion of creativity and scientific spirit:1.00, Audiovisual communication and ICT:0.75","thinking:1.00, perception:1.00"
SECUNDARIA,CUARTO,TECNOLOGÍA 4,15-16 años,TECNOLOGIA,SA,Emprendimiento 360°,¿Cómo presentamos nuestra idea?,Contenido,lesson,text,"¿Cómo presentamos nuestra idea?
https://plus.edebe.com/pymedia/markdownfiles/134335/unidad2/img/19_1.png",evaluate,,"ce:1.00, cpsaa:0.80, cd:0.80","classroom:1.00, mixed:1.00, home:1.00","face-to-face:1.00, blended:1.00, distance:1.00",0.2,0.15,,0.0,0.0,understand:1.00,universal,"linguistic:1.00, interpersonal:1.00",expository,narrative text:0.90,"informative:1.00, motivational:0.85","responsible consumption and production:1.00, industry, innovation and infrastructure:0.65",direct instruction:1.00,"communication skills:0.60, productivity:0.30, negotiation:0.20",No aplica,No aplica,Promotion of creativity and scientific spirit:1.00,"thinking:1.00, attention:1.00"
SECUNDARIA,CUARTO,TECNOLOGÍA 4,15-16 años,TECNOLOGIA,SA,Emprendimiento 360°,¿Cómo presentamos nuestra idea?,Actividades,lesson,exam,"Preparación de la exposición oral. Es tanto o más importante saber comunicar una idea que la propia idea en sí:
https://plus.edebe.com/pymedia/markdownfiles/134335/unidad2/img/19_2.png
a) Buscad información y vídeos de cómo comunicar en público.
b) Elaborad un par de listas con buenas y malas prácticas al hacer una exposición oral.
c) Preparad una presentación digital que dé soporte a vuestra exposición. Pegad a continuación la dirección para compartir la presentación digital que han elaborado.
d) Realizad el guion de vuestra presentación.",create,,"ce:1.00, cpsaa:0.90, cd:0.70, cc:0.75","classroom:1.00, mixed:1.00","face-to-face:1.00, blended:0.90, distance:0.80",0.6,0.8,,0.45,0.15,"communicate:1.00, explain:0.90, plan:1.00, synthesize:0.60",universal,"interpersonal:1.00, linguistic:0.80",combined,"narrative text:1.00, photography:0.20, exam:0.20","informative:0.70, educational:0.65, exploratory:0.85",,direct instruction:1.00,"communication skills:1.00, research skills:0.80, adaptability:0.50",No aplica,No aplica,"Oral and written expression:1.00, Audiovisual communication and ICT:0.80","thinking:0.35, language:0.75"
SECUNDARIA,CUARTO,TECNOLOGÍA 4,15-16 años,TECNOLOGIA,SA,Emprendimiento 360°,¿Cómo presentamos nuestra idea?,Actividades,lesson,exam,"Es el momento de presentar a vuestra clase el proyecto y de escuchar la presentación del resto de grupos.
a) Tras las presentaciones de los diferentes proyectos, valoradlas aportando ideas y opiniones constructivas para mejorar los proyectos.
b) Decidid también cuál ha sido el proyecto más interesante y cuál el mejor presentado.
https://plus.edebe.com/pymedia/markdownfiles/134335/unidad2/img/19_3.png",evaluate,,"ce:0.80, cpsaa:0.80, cd:0.70","classroom:1.00, mixed:1.00, home:0.70","face-to-face:1.00, blended:1.00, distance:0.70",0.4,0.7,,0.6,0.4,"communicate:1.00, explain:1.00, synthesize:0.70, compare:1.00, compete:0.70",universal,"interpersonal:0.80, linguistic:0.80",combined,"narrative text:0.80, exam:1.00, illustration:0.75",narrative:0.80,"industry, innovation and infrastructure:1.00",direct instruction:0.60,"communication skills:1.00, critical thinking:1.00",TRUE,TRUE,"Oral and written expression:1.00, Audiovisual communication and ICT:0.80, Emotional and values education:0.65","language:0.60, attention:0.90, memory:0.85"
SECUNDARIA,CUARTO,TECNOLOGÍA 4,15-16 años,TECNOLOGIA,SA,Emprendimiento 360°,¿Cómo presentamos nuestra idea?,Actividades,lesson,exam,"Reflexionad en equipo sobre las valoraciones y críticas recibidas y anotad propuestas de mejora, rediseño o corrección de cualquier cosa del proceso que podáis mejorar.
Ficha 19     Ficha 20",evaluate,,"ce:0.90, cpsaa:0.80","classroom:1.00, mixed:1.00","face-to-face:1.00, blended:1.00, distance:0.70",0.05,0.4,,0.2,0.4,"apply:1.00, discuss:1.00",universal,"logical-mathematical:0.60, interpersonal:0.79",active,"narrative text:0.70, exam:0.40, closed exercise or problem:0.85",narrative:1.00,"industry, innovation and infrastructure:1.00",direct instruction:1.00,"critical thinking:0.75, adaptability:0.70",TRUE,TRUE,Promotion of creativity and scientific spirit:0.70,"attention:0.65, memory:0.65, thinking:0.85"
SECUNDARIA,CUARTO,TECNOLOGÍA 4,15-16 años,TECNOLOGIA,SA,Emprendimiento 360°,¿Cómo llegamos a todo el mundo?,Contenido,lesson,text,"¿Cómo llegamos a todo el mundo?
https://plus.edebe.com/pymedia/markdownfiles/134335/unidad2/img/20_1.png",understand,,"ce:0.80, cpsaa:0.30, cd:0.80","classroom:1.00, mixed:1.00, home:1.00","face-to-face:1.00, blended:1.00, distance:1.00",0.15,0.2,,0.0,0.15,"understand:1.00, reflect:0.50",universal,"logical-mathematical:0.75, interpersonal:0.65",expository,"narrative text:0.70, illustration:0.15","narrative:0.70, informative:0.55","industry, innovation and infrastructure:1.00",,"digital literacy:1.00, intercultural:0.80, technology literacy:0.60",No aplica,No aplica,"Promotion of creativity and scientific spirit:0.45, Audiovisual communication and ICT:0.86","thinking:0.70, language:0.45"
SECUNDARIA,CUARTO,TECNOLOGÍA 4,15-16 años,TECNOLOGIA,SA,Emprendimiento 360°,¿Cómo llegamos a todo el mundo?,Actividades,lesson,exam,"Al ofrecer vuestro producto al mundo entero debéis pensar en que quizás sea necesario adaptar o globalizar ese producto a todos los potenciales clientes. Haced un informe valorando:
https://plus.edebe.com/pymedia/markdownfiles/134335/unidad2/img/20_2.png",analyze,,"ce:1.00, cpsaa:0.65, cd:0.70, cc:0.85, cp:0.90, ccec:0.90","classroom:1.00, mixed:1.00, home:0.50","face-to-face:1.00, blended:1.00, distance:0.50",0.35,0.75,,0.7,0.35,"analyze:1.00, contextualize:0.70, investigate:1.00",universal,"logical-mathematical:0.75, interpersonal:1.00, linguistic:1.00",active,"narrative text:0.70, illustration:0.05, exam:0.60","analytical:0.70, exploratory:0.90","industry, innovation and infrastructure:1.00, responsible consumption and production:0.85","project-based learning:0.90, direct instruction:0.85","intercultural:0.80, technology literacy:0.60, research skills:0.75, adaptability:0.85, social responsibility:0.70, languages:0.65",TRUE,No aplica,"Promotion of creativity and scientific spirit:0.90, Audiovisual communication and ICT:0.75, Emotional and values education:0.91","thinking:1.00, language:0.70"
SECUNDARIA,CUARTO,TECNOLOGÍA 4,15-16 años,TECNOLOGIA,SA,Emprendimiento 360°,¿Cómo llegamos a todo el mundo?,Actividades,lesson,exam,"Diseñad un blog o una página web que sea el escaparate de presentación de vuestro proyecto. Lo podéis hacer con múltiples plataformas, como Google Sites, Blogger o WordPress. Una vez más tenéis que cuidar el mensaje, el diseño, la accesibilidad, etc., para diferenciaros del resto.
– Pegad a continuación la dirección del blog o web que hayan diseñado.
https://plus.edebe.com/pymedia/markdownfiles/134335/unidad2/img/20_3.png",create,,"ce:0.90, cd:1.00, cpsaa:0.80, ccl:0.85","classroom:1.00, mixed:1.00, home:0.50","face-to-face:1.00, blended:1.00, distance:0.50",0.25,0.8,,0.9,0.5,"communicate:1.00, create:1.00, investigate:0.65",universal,"logical-mathematical:0.60, interpersonal:0.80, linguistic:0.85",active,"narrative text:0.70, illustration:0.65, exam:0.60","inspiring:0.70, technical:0.35","industry, innovation and infrastructure:1.00","project-based learning:0.90, direct instruction:0.70","communication skills:1.00, digital literacy:1.00, creativity:0.85, core subjects:0.40",TRUE,No aplica,"Promotion of creativity and scientific spirit:0.65, Audiovisual communication and ICT:1.00, Emotional and values education:0.40","thinking:0.64, language:1.00, perception:0.40"
SECUNDARIA,CUARTO,TECNOLOGÍA 4,15-16 años,TECNOLOGIA,SA,Emprendimiento 360°,¿Cómo llegamos a todo el mundo?,Actividades,lesson,exam,"Diseñad un plan de comunicación enfocado a las redes sociales más utilizadas y explotad sus ventajas.
Ficha 21     Ficha 22",create,,"ce:1.00, cd:1.00, cpsaa:0.80, ccl:1.00","classroom:1.00, mixed:1.00, home:0.50","face-to-face:1.00, blended:1.00, distance:0.50",0.05,0.5,,0.7,0.35,"communicate:1.00, investigate:0.60, plan:1.00, analyze:0.75",universal,"logical-mathematical:0.65, interpersonal:0.85, linguistic:0.85",active,"narrative text:1.00, exam:0.40",narrative:1.00,"industry, innovation and infrastructure:1.00","project-based learning:1.00, direct instruction:0.85","communication skills:1.00, digital literacy:1.00, creativity:0.70, cultural literacy:0.55, technology literacy:0.55, networking:0.70",TRUE,No aplica,"Promotion of creativity and scientific spirit:0.85, Audiovisual communication and ICT:1.00, Oral and written expression:1.00","thinking:1.00, language:1.00"
SECUNDARIA,CUARTO,TECNOLOGÍA 4,15-16 años,TECNOLOGIA,SA,Emprendimiento 360°,¿Cómo llegamos a todo el mundo?,Actividades,lesson,exam,"Por último, si quisierais fabricar vuestro producto en grandes cantidades, necesitaréis dinero. Buscad formas de financiación que puedan proporcionaros los recursos económicos que podríais necesitar para hacer realidad vuestro proyecto.
https://plus.edebe.com/pymedia/markdownfiles/134335/unidad2/img/20_4.png",apply,,"ce:1.00, cd:1.00","classroom:1.00, mixed:1.00, home:0.50","face-to-face:1.00, blended:1.00, distance:0.50",0.4,0.55,,0.7,0.5,"investigate:0.85, plan:0.80, apply:0.90, simulate:0.70",universal,logical-mathematical:1.00,active,"narrative text:1.00, exam:0.30, illustration:0.20","narrative:0.75, exploratory:0.80, interrogative:0.75","industry, innovation and infrastructure:1.00, responsible consumption and production:0.75","project-based learning:1.00, direct instruction:0.80, cooperative learning:0.85","problem solving:0.60, research skills:0.80, self-sufficiency:0.60, networking:0.85, financial education:0.90",TRUE,No aplica,"Promotion of creativity and scientific spirit:1.00, Audiovisual communication and ICT:0.50","thinking:1.00, perception:0.60"
SECUNDARIA,CUARTO,TECNOLOGÍA 4,15-16 años,TECNOLOGIA,SA,Emprendimiento 360°,Emprende y aprende,Contenido,lesson,text,https://plus.edebe.com/pymedia/markdownfiles/134335/unidad2/img/21_1.png,remember,,ce:1.00,"classroom:1.00, mixed:1.00, home:1.00, laboratory:1.00, real environment:1.00","face-to-face:1.00, blended:1.00, distance:1.00",0.0,0.0,,0.0,0.0,,universal,,expository,"narrative text:0.25, illustration:0.05",narrative:1.00,"industry, innovation and infrastructure:0.30, responsible consumption and production:0.30",project-based learning:0.20,"innovation:0.25, adaptability:0.25, teamwork:0.20, perseverance:0.20, financial education:0.30, networking:0.30",No aplica,No aplica,Promotion of creativity and scientific spirit:0.60,attention:0.20
SECUNDARIA,CUARTO,TECNOLOGÍA 4,15-16 años,TECNOLOGIA,SA,Emprendimiento 360°,Emprende y aprende,Actividades,lesson,exam,"Explicad vuestra experiencia.
https://plus.edebe.com/pymedia/markdownfiles/134335/unidad2/img/21_2.png
— Realizad un vídeo en equipo.
— Explicad en él todo el proceso: desde la generación de la idea hasta la fabricación y difusión de vuestro producto.
El vídeo os servirá para repasar vuestros aciertos y aprender de vuestros errores.",create,,"ce:0.65, cd:0.75","classroom:0.30, mixed:1.00, home:0.60","face-to-face:0.60, blended:1.00, distance:1.00",0.2,0.5,,1.0,0.3,"analyze:0.75, communicate:0.75, create:0.60, describe:0.75",universal,"logical-mathematical:0.60, linguistic:0.30",active,"narrative text:0.50, illustration:0.25",narrative:1.00,"industry, innovation and infrastructure:0.30","project-based learning:1.00, direct instruction:0.50","communication skills:0.80, digital literacy:0.70, teamwork:0.80",TRUE,TRUE,"Promotion of creativity and scientific spirit:0.55, Oral and written expression:0.85, Audiovisual communication and ICT:1.00","attention:0.55, thinking:0.55, language:0.55"
SECUNDARIA,CUARTO,TECNOLOGÍA 4,15-16 años,TECNOLOGIA,SA,Emprendimiento 360°,Emprende y aprende,Actividades,lesson,exam,"No todas las ideas o los proyectos van orientados a un producto del que obtener un beneficio comercial.
https://plus.edebe.com/pymedia/markdownfiles/134335/unidad2/img/21_3.png
a) Buscad información sobre proyectos e ideas sociales que lleven a cabo ONG que estén cambiando la vida de muchas personas.
b) Plantead una propuesta de ONG que aborde algún problema social en el barrio o en vuestro municipio.",evaluate,,"ce:0.65, cd:0.30, cc:0.75, cpsaa:0.75","classroom:1.00, mixed:1.00, home:0.50","face-to-face:1.00, blended:1.00, distance:0.50",0.2,0.4,,0.4,0.4,"analyze:0.50, describe:0.70, investigate:0.85",universal,interpersonal:0.25,active,"narrative text:0.50, illustration:0.35","narrative:0.75, exploratory:0.75, emotional:0.30, reflexive:0.20","industry, innovation and infrastructure:0.60, peace, justice and strong institutions:0.40","direct instruction:1.00, project-based learning:0.65, cooperative learning:0.70","digital literacy:0.60, teamwork:0.75, research skills:0.80, social responsibility:0.80, moral reasoning:0.80",TRUE,No aplica,"Promotion of creativity and scientific spirit:0.40, Emotional and values education:0.80","thinking:0.90, memory:0.70"
SECUNDARIA,CUARTO,TECNOLOGÍA 4,15-16 años,TECNOLOGIA,SA,Emprendimiento 360°,Emprende y aprende,Actividades,lesson,exam,"Como vimos al principio, el número de emprendedores es mucho mayor que el de emprendedoras. Aunque en las últimas décadas se han dado importantes avances, todavía existen muchas dificultades, como leyes y normas sociales discriminatorias que dejan a las mujeres infrarrepresentadas a todos los niveles de liderazgo político y empresarial.
— Organizad un coloquio donde se analicen este problema y sus posibles soluciones.
https://plus.edebe.com/pymedia/markdownfiles/134335/unidad2/img/21_4.png",create,,"ce:0.30, cc:0.80, cpsaa:0.80","classroom:1.00, mixed:1.00, home:0.50","face-to-face:1.00, blended:1.00, distance:0.50",0.4,0.6,,0.65,0.5,"analyze:0.75, contextualize:0.80, discuss:1.00",universal,interpersonal:0.50,active,"narrative text:0.65, illustration:0.15","informative:0.80, critical:0.65, provocative:0.20","gender equality:1.00, industry, innovation and infrastructure:0.30",cooperative learning:1.00,"moral reasoning:0.75, social responsibility:0.85, communication skills:0.70",TRUE,TRUE,"Oral and written expression:0.80, Emotional and values education:0.80","thinking:1.00, attention:1.00, language:1.00"
SECUNDARIA,CUARTO,TECNOLOGÍA 4,15-16 años,TECNOLOGIA,SA,Emprendimiento 360°,REVISA-T,,learning_diary,,"—¿Cómo valoras el trabajo realizado? ¿Volverías a repetir la experiencia?
—¿Qué parte te ha parecido más difícil?
—¿Qué cosas cambiarías de todo el proceso? ¿Fabricarías algo diferente?
—¿Te ves preparado y capacitado para ser una persona emprendedora?",evaluate,,cpsaa:0.80,"classroom:1.00, mixed:1.00, home:1.00, laboratory:1.00, real environment:1.00","face-to-face:1.00, blended:1.00, distance:1.00",0.6,0.4,,0.2,0.5,"analyze:0.50, compare:0.60, self-assess:1.00, judge:0.70",universal,intrapersonal:1.00,active,narrative text:1.00,"reflexive:1.00, interrogative:1.00",quality education:0.55,direct instruction:0.25,"critical thinking:0.70, analysis:0.60, enthusiasm for learning:0.70",FALSE,TRUE,"Reading comprehension:0.15, Emotional and values education:0.30, Promotion of creativity and scientific spirit:0.45","thinking:0.85, memory:0.70"